bin_center,chosen_mean_reward,rejected_mean_reward
50.0,-4.81664514541626,-4.852928161621094
150.0,-4.147010206470828,-4.352156575520834
250.0,-3.885105780192784,-4.231967124499772
350.0,-3.834880138597181,-3.8786795076155505
450.0,-3.386264661824481,-3.667171014472842
550.0,-3.005445806575673,-3.295381067797195
650.0,-2.960780692100525,-3.4245550330256074
750.0,-2.653295027092099,-3.08094437122345
850.0,-2.682938539981842,-2.942867863178253
950.0,-2.68300499394536,-3.0441952333217714
